product_id,product_name,category,age_group,nova,nutrition_score,ingredient_score,processing_score,additive_score,final_score,grade,cliff_penalty,dominant_nutrient,missing_data,flags
1,"5 Star","Chocolates",child,4,2,26,90,81,12,D,10,addedSugar,false,"sugar_split"
1,"5 Star","Chocolates",teen,4,9,26,90,81,25,D+,0,addedSugar,false,"sugar_split"
1,"5 Star","Chocolates",adult,4,5,26,90,81,23,D+,0,addedSugar,false,"sugar_split"
1,"5 Star","Chocolates",elderly,4,5,26,90,81,23,D+,0,addedSugar,false,"sugar_split"
2,"Amul 99% Cacao","Chocolates",child,4,25,46,100,81,23,D+,10,saturatedFat,false,""
2,"Amul 99% Cacao","Chocolates",teen,4,42,46,100,81,39,C-,0,saturatedFat,false,""
2,"Amul 99% Cacao","Chocolates",adult,4,34,46,100,81,36,C-,0,saturatedFat,false,""
2,"Amul 99% Cacao","Chocolates",elderly,4,34,46,100,81,36,C-,0,saturatedFat,false,""
3,"Amul Bitter Chocolate","Chocolates",child,4,11,34,100,81,27,D+,0,addedSugar,false,""
3,"Amul Bitter Chocolate","Chocolates",teen,4,28,34,100,81,33,C-,0,addedSugar,false,""
3,"Amul Bitter Chocolate","Chocolates",adult,4,18,34,100,81,29,D+,0,addedSugar,false,""
3,"Amul Bitter Chocolate","Chocolates",elderly,4,19,34,100,81,30,C-,0,addedSugar,false,""
4,"Amul Buttermilk","Dairy Drinks",child,3,72,51,100,75,59,C+,0,transFat,false,""
4,"Amul Buttermilk","Dairy Drinks",teen,3,82,51,100,75,62,B,0,transFat,false,""
4,"Amul Buttermilk","Dairy Drinks",adult,3,77,51,100,75,60,B,0,transFat,false,""
4,"Amul Buttermilk","Dairy Drinks",elderly,3,77,51,100,75,60,B,0,transFat,false,""
5,"Amul Dark Chocolate","Chocolates",child,4,4,34,100,81,14,D,10,addedSugar,false,""
5,"Amul Dark Chocolate","Chocolates",teen,4,14,34,100,81,28,D+,0,addedSugar,false,""
5,"Amul Dark Chocolate","Chocolates",adult,4,7,34,100,81,26,D+,0,addedSugar,false,""
5,"Amul Dark Chocolate","Chocolates",elderly,4,8,34,100,81,26,D+,0,addedSugar,false,""
6,"Amul Sugar Free Chocolate","Chocolates",child,4,27,42,100,81,33,C-,0,saturatedFat,false,""
6,"Amul Sugar Free Chocolate","Chocolates",teen,4,45,42,100,81,40,C,0,saturatedFat,false,""
6,"Amul Sugar Free Chocolate","Chocolates",adult,4,36,42,100,81,37,C-,0,saturatedFat,false,""
6,"Amul Sugar Free Chocolate","Chocolates",elderly,4,36,42,100,81,37,C-,0,saturatedFat,false,""
7,"Amul Taaza Milk","Milk",child,1,68,100,100,100,89,A,0,saturatedFat,false,""
7,"Amul Taaza Milk","Milk",teen,1,76,100,100,100,92,A+,0,saturatedFat,false,""
7,"Amul Taaza Milk","Milk",adult,1,72,100,100,100,90,A+,0,saturatedFat,false,""
7,"Amul Taaza Milk","Milk",elderly,1,72,100,100,100,90,A+,0,saturatedFat,false,""
8,"Amul Tricone","Ice Cream",child,4,26,40,100,65,30,C-,0,saturatedFat,false,"amplified_exposure_category"
8,"Amul Tricone","Ice Cream",teen,4,46,40,100,65,37,C-,0,saturatedFat,false,"amplified_exposure_category"
8,"Amul Tricone","Ice Cream",adult,4,36,40,100,65,34,C-,0,saturatedFat,false,"amplified_exposure_category"
8,"Amul Tricone","Ice Cream",elderly,4,37,40,100,65,34,C-,0,saturatedFat,false,"amplified_exposure_category"
9,"Arokya Full Cream Milk","Milk",child,1,78,100,100,100,92,A+,0,totalSugar,false,""
9,"Arokya Full Cream Milk","Milk",teen,1,84,100,100,100,94,A+,0,totalSugar,false,""
9,"Arokya Full Cream Milk","Milk",adult,1,81,100,100,100,93,A+,0,totalSugar,false,""
9,"Arokya Full Cream Milk","Milk",elderly,1,81,100,100,100,93,A+,0,totalSugar,false,""
10,"Arun Butterscotch","Ice Cream",child,4,17,33,100,50,24,D+,0,addedSugar,false,"amplified_exposure_category|sugar_split"
10,"Arun Butterscotch","Ice Cream",teen,4,36,33,100,50,31,C-,0,addedSugar,false,"amplified_exposure_category|sugar_split"
10,"Arun Butterscotch","Ice Cream",adult,4,25,33,100,50,27,D+,0,addedSugar,false,"amplified_exposure_category|sugar_split"
10,"Arun Butterscotch","Ice Cream",elderly,4,26,33,100,50,28,D+,0,addedSugar,false,"amplified_exposure_category|sugar_split"
11,"Arun Chocolate Ice Cream","Ice Cream",child,4,13,25,100,69,25,D+,0,addedSugar,false,"amplified_exposure_category|sugar_split"
11,"Arun Chocolate Ice Cream","Ice Cream",teen,4,31,25,100,69,31,C-,0,addedSugar,false,"amplified_exposure_category|sugar_split"
11,"Arun Chocolate Ice Cream","Ice Cream",adult,4,21,25,100,69,28,D+,0,addedSugar,false,"amplified_exposure_category|sugar_split"
11,"Arun Chocolate Ice Cream","Ice Cream",elderly,4,22,25,100,69,28,D+,0,addedSugar,false,"amplified_exposure_category|sugar_split"
12,"Bingo Original","Chips & Snacks",child,4,29,46,100,67,32,C-,0,saturatedFat,false,""
12,"Bingo Original","Chips & Snacks",teen,4,48,46,100,67,39,C-,0,sodium,false,""
12,"Bingo Original","Chips & Snacks",adult,4,41,46,100,67,36,C-,0,saturatedFat,false,""
12,"Bingo Original","Chips & Snacks",elderly,4,41,46,100,67,36,C-,0,saturatedFat,false,""
13,"Aquafina Water","Drinks",child,1,97,100,100,100,99,A+,0,sodium,false,"allergen_undeclared|amplified_exposure_category"
13,"Aquafina Water","Drinks",teen,1,97,100,100,100,99,A+,0,sodium,false,"allergen_undeclared|amplified_exposure_category"
13,"Aquafina Water","Drinks",adult,1,97,100,100,100,99,A+,0,sodium,false,"allergen_undeclared|amplified_exposure_category"
13,"Aquafina Water","Drinks",elderly,1,97,100,100,100,99,A+,0,sodium,false,"allergen_undeclared|amplified_exposure_category"
14,"Boost","Health Drinks",child,4,24,41,100,37,25,D+,0,totalSugar,false,"amplified_exposure_category"
14,"Boost","Health Drinks",teen,4,43,41,100,37,32,C-,0,totalSugar,false,"amplified_exposure_category"
14,"Boost","Health Drinks",adult,4,33,41,100,37,29,D+,0,totalSugar,false,"amplified_exposure_category"
14,"Boost","Health Drinks",elderly,4,33,41,100,37,29,D+,0,totalSugar,false,"amplified_exposure_category"
15,"Bourbon","Cream Biscuits",child,4,7,15,90,92,15,D,10,addedSugar,false,""
15,"Bourbon","Cream Biscuits",teen,4,20,15,90,92,29,D+,0,addedSugar,false,""
15,"Bourbon","Cream Biscuits",adult,4,12,15,90,92,26,D+,0,addedSugar,false,""
15,"Bourbon","Cream Biscuits",elderly,4,13,15,90,92,26,D+,0,addedSugar,false,""
16,"Britannia Good Day Butter","Biscuits",child,4,19,20,90,46,22,D+,0,addedSugar,false,""
16,"Britannia Good Day Butter","Biscuits",teen,4,37,20,90,46,29,D+,0,addedSugar,false,""
16,"Britannia Good Day Butter","Biscuits",adult,4,27,20,90,46,25,D+,0,addedSugar,false,""
16,"Britannia Good Day Butter","Biscuits",elderly,4,28,20,90,46,25,D+,0,addedSugar,false,""
17,"Britannia Good Day Cashew","Biscuits",child,4,18,20,90,42,21,D+,0,addedSugar,false,""
17,"Britannia Good Day Cashew","Biscuits",teen,4,36,20,90,42,28,D+,0,addedSugar,false,""
17,"Britannia Good Day Cashew","Biscuits",adult,4,26,20,90,42,24,D+,0,addedSugar,false,""
17,"Britannia Good Day Cashew","Biscuits",elderly,4,27,20,90,42,25,D+,0,addedSugar,false,""
18,"Britannia Good Day Choco Chip","Biscuits",child,4,10,20,90,25,6,E,10,addedSugar,false,""
18,"Britannia Good Day Choco Chip","Biscuits",teen,4,23,20,90,25,20,D+,0,addedSugar,false,""
18,"Britannia Good Day Choco Chip","Biscuits",adult,4,15,20,90,25,18,D,0,addedSugar,false,""
18,"Britannia Good Day Choco Chip","Biscuits",elderly,4,16,20,90,25,18,D,0,addedSugar,false,""
19,"Britannia Good Day Pista Badam","Biscuits",child,4,18,19,90,10,16,D,0,addedSugar,false,""
19,"Britannia Good Day Pista Badam","Biscuits",teen,4,36,19,90,10,23,D+,0,addedSugar,false,""
19,"Britannia Good Day Pista Badam","Biscuits",adult,4,26,19,90,10,19,D,0,addedSugar,false,""
19,"Britannia Good Day Pista Badam","Biscuits",elderly,4,27,19,90,10,20,D+,0,addedSugar,false,""
20,"Britannia Marie Gold","Biscuits",child,4,18,28,90,18,19,D,0,addedSugar,false,""
20,"Britannia Marie Gold","Biscuits",teen,4,35,28,90,18,25,D+,0,addedSugar,false,""
20,"Britannia Marie Gold","Biscuits",adult,4,25,28,90,18,21,D+,0,addedSugar,false,""
20,"Britannia Marie Gold","Biscuits",elderly,4,26,28,90,18,21,D+,0,addedSugar,false,""
21,"Britannia NutriChoice 5 Grain","Biscuits",child,4,24,35,100,42,26,D+,0,addedSugar,false,""
21,"Britannia NutriChoice 5 Grain","Biscuits",teen,4,43,35,100,42,32,C-,0,addedSugar,false,""
21,"Britannia NutriChoice 5 Grain","Biscuits",adult,4,32,35,100,42,29,D+,0,addedSugar,false,""
21,"Britannia NutriChoice 5 Grain","Biscuits",elderly,4,34,35,100,42,29,D+,0,addedSugar,false,""
22,"Britannia NutriChoice Digestive","Biscuits",child,4,34,35,100,29,27,D+,0,addedSugar,false,""
22,"Britannia NutriChoice Digestive","Biscuits",teen,4,50,35,100,29,33,C-,0,addedSugar,false,""
22,"Britannia NutriChoice Digestive","Biscuits",adult,4,43,35,100,29,30,C-,0,addedSugar,false,""
22,"Britannia NutriChoice Digestive","Biscuits",elderly,4,44,35,100,29,31,C-,0,addedSugar,false,""
23,"Britannia NutriChoice Milk Biscuits","Biscuits",child,4,24,35,100,25,23,D+,0,addedSugar,false,""
23,"Britannia NutriChoice Milk Biscuits","Biscuits",teen,4,43,35,100,25,30,C-,0,addedSugar,false,""
23,"Britannia NutriChoice Milk Biscuits","Biscuits",adult,4,33,35,100,25,26,D+,0,addedSugar,false,""
23,"Britannia NutriChoice Milk Biscuits","Biscuits",elderly,4,34,35,100,25,27,D+,0,addedSugar,false,""
24,"Britannia NutriChoice Orange Biscuits","Biscuits",child,4,27,35,100,10,22,D+,0,addedSugar,false,""
24,"Britannia NutriChoice Orange Biscuits","Biscuits",teen,4,46,35,100,10,29,D+,0,addedSugar,false,""
24,"Britannia NutriChoice Orange Biscuits","Biscuits",adult,4,36,35,100,10,25,D+,0,addedSugar,false,""
24,"Britannia NutriChoice Orange Biscuits","Biscuits",elderly,4,37,35,100,10,26,D+,0,addedSugar,false,""
25,"Britannia Tiger","Biscuits",child,4,12,20,90,0,3,E,10,addedSugar,false,""
25,"Britannia Tiger","Biscuits",teen,4,27,20,90,0,18,D,0,addedSugar,false,""
25,"Britannia Tiger","Biscuits",adult,4,18,20,90,0,15,D,0,addedSugar,false,""
25,"Britannia Tiger","Biscuits",elderly,4,19,20,90,0,15,D,0,addedSugar,false,""
26,"Britannia Treat Jim Jam","Cream Biscuits",child,4,9,20,90,14,4,E,10,addedSugar,false,""
26,"Britannia Treat Jim Jam","Cream Biscuits",teen,4,22,20,90,14,19,D,0,addedSugar,false,""
26,"Britannia Treat Jim Jam","Cream Biscuits",adult,4,14,20,90,14,16,D,0,addedSugar,false,""
26,"Britannia Treat Jim Jam","Cream Biscuits",elderly,4,15,20,90,14,16,D,0,addedSugar,false,""
27,"Britannia Treat Orange Creme","Cream Biscuits",child,4,8,20,100,8,4,E,10,addedSugar,false,""
27,"Britannia Treat Orange Creme","Cream Biscuits",teen,4,23,20,100,8,19,D,0,addedSugar,false,""
27,"Britannia Treat Orange Creme","Cream Biscuits",adult,4,14,20,100,8,16,D,0,addedSugar,false,""
27,"Britannia Treat Orange Creme","Cream Biscuits",elderly,4,15,20,100,8,16,D,0,addedSugar,false,""
28,"Cadbury Bournville Cranberry","Chocolates",child,4,3,30,90,62,10,D,10,addedSugar,false,""
28,"Cadbury Bournville Cranberry","Chocolates",teen,4,13,30,90,62,23,D+,0,addedSugar,false,""
28,"Cadbury Bournville Cranberry","Chocolates",adult,4,7,30,90,62,21,D+,0,addedSugar,false,""
28,"Cadbury Bournville Cranberry","Chocolates",elderly,4,7,30,90,62,22,D+,0,addedSugar,false,""
29,"Cadbury Dairy Milk","Chocolates",child,4,2,32,90,62,10,D,10,addedSugar,false,""
29,"Cadbury Dairy Milk","Chocolates",teen,4,9,32,90,62,23,D+,0,addedSugar,false,""
29,"Cadbury Dairy Milk","Chocolates",adult,4,5,32,90,62,21,D+,0,addedSugar,false,""
29,"Cadbury Dairy Milk","Chocolates",elderly,4,5,32,90,62,21,D+,0,addedSugar,false,""
30,"Cadbury Perk","Chocolates",child,4,3,29,90,29,5,E,10,addedSugar,false,""
30,"Cadbury Perk","Chocolates",teen,4,13,29,90,29,18,D,0,addedSugar,false,""
30,"Cadbury Perk","Chocolates",adult,4,6,29,90,29,16,D,0,addedSugar,false,""
30,"Cadbury Perk","Chocolates",elderly,4,7,29,90,29,16,D,0,addedSugar,false,""
31,"Cavin's Chocolate Milkshake","Milkshakes",child,4,32,43,100,73,34,C-,0,addedSugar,false,"amplified_exposure_category"
31,"Cavin's Chocolate Milkshake","Milkshakes",teen,4,50,43,100,73,40,C,0,addedSugar,false,"amplified_exposure_category"
31,"Cavin's Chocolate Milkshake","Milkshakes",adult,4,42,43,100,73,37,C-,0,addedSugar,false,"amplified_exposure_category"
31,"Cavin's Chocolate Milkshake","Milkshakes",elderly,4,43,43,100,73,38,C-,0,addedSugar,false,"amplified_exposure_category"
32,"Cavin's Spiced Buttermilk","Dairy Drinks",child,3,73,55,100,62,57,C+,0,sodium,false,""
32,"Cavin's Spiced Buttermilk","Dairy Drinks",teen,3,80,55,100,62,59,C+,0,sodium,false,""
32,"Cavin's Spiced Buttermilk","Dairy Drinks",adult,3,81,55,100,62,60,B,0,sodium,false,""
32,"Cavin's Spiced Buttermilk","Dairy Drinks",elderly,3,81,55,100,62,60,B,0,sodium,false,""
33,"Cavin's Vanilla Milkshake","Milkshakes",child,4,35,47,100,59,33,C-,0,addedSugar,false,"amplified_exposure_category"
33,"Cavin's Vanilla Milkshake","Milkshakes",teen,4,50,47,100,59,38,C-,0,addedSugar,false,"amplified_exposure_category"
33,"Cavin's Vanilla Milkshake","Milkshakes",adult,4,45,47,100,59,37,C-,0,addedSugar,false,"amplified_exposure_category"
33,"Cavin's Vanilla Milkshake","Milkshakes",elderly,4,46,47,100,59,37,C-,0,addedSugar,false,"amplified_exposure_category"
34,"Coca-Cola","Drinks",child,4,38,47,90,54,33,C-,0,addedSugar,false,"allergen_undeclared|amplified_exposure_category"
34,"Coca-Cola","Drinks",teen,4,50,47,90,54,37,C-,0,addedSugar,false,"allergen_undeclared|amplified_exposure_category"
34,"Coca-Cola","Drinks",adult,4,48,47,90,54,36,C-,0,addedSugar,false,"allergen_undeclared|amplified_exposure_category"
34,"Coca-Cola","Drinks",elderly,4,49,47,90,54,37,C-,0,addedSugar,false,"allergen_undeclared|amplified_exposure_category"
35,"Complan Royale Chocolate","Health Drinks",child,4,12,42,100,75,17,D,10,addedSugar,false,"amplified_exposure_category"
35,"Complan Royale Chocolate","Health Drinks",teen,4,26,42,100,75,32,C-,0,addedSugar,false,"amplified_exposure_category"
35,"Complan Royale Chocolate","Health Drinks",adult,4,17,42,100,75,29,D+,0,addedSugar,false,"amplified_exposure_category"
35,"Complan Royale Chocolate","Health Drinks",elderly,4,18,42,100,75,29,D+,0,addedSugar,false,"amplified_exposure_category"
36,"Dark Fantasy Chocolate Milkshake","Milkshakes",child,4,33,38,100,63,32,C-,0,addedSugar,false,"amplified_exposure_category"
36,"Dark Fantasy Chocolate Milkshake","Milkshakes",teen,4,50,38,100,63,38,C-,0,addedSugar,false,"amplified_exposure_category"
36,"Dark Fantasy Chocolate Milkshake","Milkshakes",adult,4,42,38,100,63,36,C-,0,addedSugar,false,"amplified_exposure_category"
36,"Dark Fantasy Chocolate Milkshake","Milkshakes",elderly,4,44,38,100,63,36,C-,0,addedSugar,false,"amplified_exposure_category"
37,"Diet Coke","Drinks",child,4,50,55,90,0,30,C-,0,sodium,false,"allergen_undeclared|amplified_exposure_category"
37,"Diet Coke","Drinks",teen,4,50,55,90,0,30,C-,0,sodium,false,"allergen_undeclared|amplified_exposure_category"
37,"Diet Coke","Drinks",adult,4,50,55,90,6,31,C-,0,sodium,false,"allergen_undeclared|amplified_exposure_category"
37,"Diet Coke","Drinks",elderly,4,50,55,90,3,30,C-,0,sodium,false,"allergen_undeclared|amplified_exposure_category"
38,"Diet Pepsi","Drinks",child,4,50,55,90,0,30,C-,0,sodium,false,"allergen_undeclared|amplified_exposure_category"
38,"Diet Pepsi","Drinks",teen,4,50,55,90,0,30,C-,0,sodium,false,"allergen_undeclared|amplified_exposure_category"
38,"Diet Pepsi","Drinks",adult,4,50,55,90,2,30,C-,0,sodium,false,"allergen_undeclared|amplified_exposure_category"
38,"Diet Pepsi","Drinks",elderly,4,50,55,90,0,30,C-,0,sodium,false,"allergen_undeclared|amplified_exposure_category"
39,"Farmley Almond Kernels","Dry Fruits & Nuts",child,1,62,100,100,100,87,A,0,saturatedFat,false,""
39,"Farmley Almond Kernels","Dry Fruits & Nuts",teen,1,72,100,100,100,90,A+,0,saturatedFat,false,""
39,"Farmley Almond Kernels","Dry Fruits & Nuts",adult,1,67,100,100,100,89,A,0,saturatedFat,false,""
39,"Farmley Almond Kernels","Dry Fruits & Nuts",elderly,1,67,100,100,100,89,A,0,saturatedFat,false,""
40,"Farmley Pumpkin Seeds","Seeds",child,1,56,100,100,100,85,A,0,saturatedFat,false,"allergen_undeclared"
40,"Farmley Pumpkin Seeds","Seeds",teen,1,68,100,100,100,89,A,0,saturatedFat,false,"allergen_undeclared"
40,"Farmley Pumpkin Seeds","Seeds",adult,1,63,100,100,100,87,A,0,saturatedFat,false,"allergen_undeclared"
40,"Farmley Pumpkin Seeds","Seeds",elderly,1,63,100,100,100,87,A,0,saturatedFat,false,"allergen_undeclared"
41,"Farmley Sunflower Seeds","Seeds",child,1,64,100,100,100,87,A,0,calories,false,"allergen_undeclared"
41,"Farmley Sunflower Seeds","Seeds",teen,1,75,100,100,100,91,A+,0,calories,false,"allergen_undeclared"
41,"Farmley Sunflower Seeds","Seeds",adult,1,70,100,100,100,89,A,0,calories,false,"allergen_undeclared"
41,"Farmley Sunflower Seeds","Seeds",elderly,1,70,100,100,100,90,A+,0,calories,false,"allergen_undeclared"
42,"Frooti Mango Drink","Drinks",child,4,28,47,90,29,25,D+,0,addedSugar,false,"allergen_undeclared|amplified_exposure_category"
42,"Frooti Mango Drink","Drinks",teen,4,49,47,90,29,33,C-,0,addedSugar,false,"allergen_undeclared|amplified_exposure_category"
42,"Frooti Mango Drink","Drinks",adult,4,38,47,90,29,29,D+,0,addedSugar,false,"allergen_undeclared|amplified_exposure_category"
42,"Frooti Mango Drink","Drinks",elderly,4,39,47,90,29,29,D+,0,addedSugar,false,"allergen_undeclared|amplified_exposure_category"
43,"Happilo Premium Californian Almonds","Dry Fruits & Nuts",child,1,64,100,100,100,87,A,0,totalSugar,false,""
43,"Happilo Premium Californian Almonds","Dry Fruits & Nuts",teen,1,76,100,100,100,92,A+,0,totalSugar,false,""
43,"Happilo Premium Californian Almonds","Dry Fruits & Nuts",adult,1,70,100,100,100,90,A+,0,totalSugar,false,""
43,"Happilo Premium Californian Almonds","Dry Fruits & Nuts",elderly,1,71,100,100,100,90,A+,0,totalSugar,false,""
44,"Hershey's Chocolate Milkshake","Milkshakes",child,4,16,42,100,54,25,D+,0,addedSugar,false,"amplified_exposure_category"
44,"Hershey's Chocolate Milkshake","Milkshakes",teen,4,32,42,100,54,31,C-,0,addedSugar,false,"amplified_exposure_category"
44,"Hershey's Chocolate Milkshake","Milkshakes",adult,4,23,42,100,54,28,D+,0,addedSugar,false,"amplified_exposure_category"
44,"Hershey's Chocolate Milkshake","Milkshakes",elderly,4,24,42,100,54,28,D+,0,addedSugar,false,"amplified_exposure_category"
45,"Hershey's Vanilla Milkshake","Milkshakes",child,4,18,42,90,50,25,D+,0,addedSugar,false,"amplified_exposure_category"
45,"Hershey's Vanilla Milkshake","Milkshakes",teen,4,35,42,90,50,31,C-,0,addedSugar,false,"amplified_exposure_category"
45,"Hershey's Vanilla Milkshake","Milkshakes",adult,4,25,42,90,50,27,D+,0,addedSugar,false,"amplified_exposure_category"
45,"Hershey's Vanilla Milkshake","Milkshakes",elderly,4,26,42,90,50,28,D+,0,addedSugar,false,"amplified_exposure_category"
46,"Horlicks Classic Malt","Health Drinks",child,4,16,50,100,54,26,D+,0,totalSugar,false,"amplified_exposure_category"
46,"Horlicks Classic Malt","Health Drinks",teen,4,34,50,100,54,32,C-,0,totalSugar,false,"amplified_exposure_category"
46,"Horlicks Classic Malt","Health Drinks",adult,4,24,50,100,54,29,D+,0,totalSugar,false,"amplified_exposure_category"
46,"Horlicks Classic Malt","Health Drinks",elderly,4,24,50,100,54,29,D+,0,totalSugar,false,"amplified_exposure_category"
47,"Kellogg's Chocos","Muesli & Cereals",child,4,26,47,90,100,35,C-,0,addedSugar,false,""
47,"Kellogg's Chocos","Muesli & Cereals",teen,4,42,47,90,100,41,C,0,addedSugar,false,""
47,"Kellogg's Chocos","Muesli & Cereals",adult,4,33,47,90,100,38,C-,0,addedSugar,false,""
47,"Kellogg's Chocos","Muesli & Cereals",elderly,4,34,47,90,100,38,C-,0,addedSugar,false,""
48,"Kellogg's Muesli","Muesli & Cereals",child,4,31,35,90,71,32,C-,0,addedSugar,false,"sugar_split"
48,"Kellogg's Muesli","Muesli & Cereals",teen,4,48,35,90,71,38,C-,0,addedSugar,false,"sugar_split"
48,"Kellogg's Muesli","Muesli & Cereals",adult,4,39,35,90,71,34,C-,0,addedSugar,false,"sugar_split"
48,"Kellogg's Muesli","Muesli & Cereals",elderly,4,40,35,90,71,35,C-,0,addedSugar,false,"sugar_split"
49,"Kellogg's Muesli Fruit Nut & Seeds","Muesli & Cereals",child,4,35,53,90,75,36,C-,0,addedSugar,false,""
49,"Kellogg's Muesli Fruit Nut & Seeds","Muesli & Cereals",teen,4,50,53,90,75,41,C,0,addedSugar,false,""
49,"Kellogg's Muesli Fruit Nut & Seeds","Muesli & Cereals",adult,4,43,53,90,75,38,C-,0,addedSugar,false,""
49,"Kellogg's Muesli Fruit Nut & Seeds","Muesli & Cereals",elderly,4,44,53,90,75,39,C-,0,addedSugar,false,""
50,"Kurkure Chilli Chatka","Chips & Snacks",child,4,27,53,100,63,32,C-,0,saturatedFat,false,"allergen_undeclared"
50,"Kurkure Chilli Chatka","Chips & Snacks",teen,4,46,53,100,63,38,C-,0,saturatedFat,false,"allergen_undeclared"
50,"Kurkure Chilli Chatka","Chips & Snacks",adult,4,38,53,100,63,36,C-,0,saturatedFat,false,"allergen_undeclared"
50,"Kurkure Chilli Chatka","Chips & Snacks",elderly,4,38,53,100,63,36,C-,0,saturatedFat,false,"allergen_undeclared"
51,"Kurkure Masala Munch","Chips & Snacks",child,4,41,49,100,63,36,C-,0,sodium,false,""
51,"Kurkure Masala Munch","Chips & Snacks",teen,4,50,49,100,63,39,C-,0,sodium,false,""
51,"Kurkure Masala Munch","Chips & Snacks",adult,4,50,49,100,63,39,C-,0,sodium,false,""
51,"Kurkure Masala Munch","Chips & Snacks",elderly,4,50,49,100,63,39,C-,0,sodium,false,""
52,"Lay's American Style Cream & Onion","Chips & Snacks",child,4,29,40,100,71,32,C-,0,saturatedFat,false,""
52,"Lay's American Style Cream & Onion","Chips & Snacks",teen,4,48,40,100,71,39,C-,0,saturatedFat,false,""
52,"Lay's American Style Cream & Onion","Chips & Snacks",adult,4,40,40,100,71,36,C-,0,saturatedFat,false,""
52,"Lay's American Style Cream & Onion","Chips & Snacks",elderly,4,40,40,100,71,36,C-,0,saturatedFat,false,""
53,"Lay's Chile Limon","Chips & Snacks",child,4,27,46,100,71,32,C-,0,saturatedFat,false,"allergen_undeclared"
53,"Lay's Chile Limon","Chips & Snacks",teen,4,42,46,100,71,38,C-,0,sodium,false,"allergen_undeclared"
53,"Lay's Chile Limon","Chips & Snacks",adult,4,38,46,100,71,36,C-,0,saturatedFat,false,"allergen_undeclared"
53,"Lay's Chile Limon","Chips & Snacks",elderly,4,38,46,100,71,36,C-,0,saturatedFat,false,"allergen_undeclared"
54,"Lay's Classic","Chips & Snacks",child,4,28,54,100,75,34,C-,0,saturatedFat,false,"allergen_undeclared"
54,"Lay's Classic","Chips & Snacks",teen,4,48,54,100,75,41,C,0,saturatedFat,false,"allergen_undeclared"
54,"Lay's Classic","Chips & Snacks",adult,4,39,54,100,75,38,C-,0,saturatedFat,false,"allergen_undeclared"
54,"Lay's Classic","Chips & Snacks",elderly,4,39,54,100,75,38,C-,0,saturatedFat,false,"allergen_undeclared"
55,"Lay's Hot & Sweet Chilli","Chips & Snacks",child,4,29,39,100,71,32,C-,0,saturatedFat,false,""
55,"Lay's Hot & Sweet Chilli","Chips & Snacks",teen,4,49,39,100,71,39,C-,0,saturatedFat,false,""
55,"Lay's Hot & Sweet Chilli","Chips & Snacks",adult,4,41,39,100,71,36,C-,0,saturatedFat,false,""
55,"Lay's Hot & Sweet Chilli","Chips & Snacks",elderly,4,41,39,100,71,36,C-,0,saturatedFat,false,""
56,"Lay's India's Magic Masala","Chips & Snacks",child,4,29,50,100,0,23,D+,0,saturatedFat,false,"allergen_undeclared"
56,"Lay's India's Magic Masala","Chips & Snacks",teen,4,48,50,100,0,29,D+,0,saturatedFat,false,"allergen_undeclared"
56,"Lay's India's Magic Masala","Chips & Snacks",adult,4,40,50,100,0,27,D+,0,saturatedFat,false,"allergen_undeclared"
56,"Lay's India's Magic Masala","Chips & Snacks",elderly,4,40,50,100,0,27,D+,0,saturatedFat,false,"allergen_undeclared"
57,"Lay's Tomato Tango","Chips & Snacks",child,4,29,43,100,71,33,C-,0,saturatedFat,false,""
57,"Lay's Tomato Tango","Chips & Snacks",teen,4,49,43,100,71,40,C,0,saturatedFat,false,""
57,"Lay's Tomato Tango","Chips & Snacks",adult,4,41,43,100,71,37,C-,0,saturatedFat,false,""
57,"Lay's Tomato Tango","Chips & Snacks",elderly,4,41,43,100,71,37,C-,0,saturatedFat,false,""
58,"Maaza","Drinks",child,4,30,47,90,29,26,D+,0,addedSugar,false,"allergen_undeclared|amplified_exposure_category"
58,"Maaza","Drinks",teen,4,50,47,90,29,33,C-,0,addedSugar,false,"allergen_undeclared|amplified_exposure_category"
58,"Maaza","Drinks",adult,4,40,47,90,29,30,C-,0,addedSugar,false,"allergen_undeclared|amplified_exposure_category"
58,"Maaza","Drinks",elderly,4,41,47,90,29,30,C-,0,addedSugar,false,"allergen_undeclared|amplified_exposure_category"
59,"Magnum Almond","Ice Cream",child,4,29,31,100,80,33,C-,0,addedSugar,false,"amplified_exposure_category|sugar_split"
59,"Magnum Almond","Ice Cream",teen,4,50,31,100,80,40,C,0,addedSugar,false,"amplified_exposure_category|sugar_split"
59,"Magnum Almond","Ice Cream",adult,4,39,31,100,80,36,C-,0,addedSugar,false,"amplified_exposure_category|sugar_split"
59,"Magnum Almond","Ice Cream",elderly,4,40,31,100,80,37,C-,0,addedSugar,false,"amplified_exposure_category|sugar_split"
60,"Magnum Chocolate","Ice Cream",child,4,28,45,100,80,34,C-,0,addedSugar,false,"amplified_exposure_category"
60,"Magnum Chocolate","Ice Cream",teen,4,49,45,100,80,41,C,0,addedSugar,false,"amplified_exposure_category"
60,"Magnum Chocolate","Ice Cream",adult,4,38,45,100,80,37,C-,0,addedSugar,false,"amplified_exposure_category"
60,"Magnum Chocolate","Ice Cream",elderly,4,39,45,100,80,38,C-,0,addedSugar,false,"amplified_exposure_category"
61,"Makino Roasted Masala Cashews","Chips & Snacks",child,3,48,59,100,75,51,C+,0,saturatedFat,false,"allergen_undeclared"
61,"Makino Roasted Masala Cashews","Chips & Snacks",teen,3,65,59,100,75,57,C+,0,saturatedFat,false,"allergen_undeclared"
61,"Makino Roasted Masala Cashews","Chips & Snacks",adult,3,58,59,100,75,55,C+,0,saturatedFat,false,"allergen_undeclared"
61,"Makino Roasted Masala Cashews","Chips & Snacks",elderly,3,58,59,100,75,55,C+,0,saturatedFat,false,"allergen_undeclared"
62,"Manna Health Mix","Health Drinks",child,1,77,100,100,100,92,A+,0,calories,false,"amplified_exposure_category"
62,"Manna Health Mix","Health Drinks",teen,1,85,100,100,100,95,A+,0,calories,false,"amplified_exposure_category"
62,"Manna Health Mix","Health Drinks",adult,1,81,100,100,100,93,A+,0,calories,false,"amplified_exposure_category"
62,"Manna Health Mix","Health Drinks",elderly,1,81,100,100,100,94,A+,0,calories,false,"amplified_exposure_category"
63,"MilkyMist Buttermilk","Dairy Drinks",child,3,55,59,100,96,58,C+,0,sodium,false,""
63,"MilkyMist Buttermilk","Dairy Drinks",teen,3,66,59,100,96,62,B,0,sodium,false,""
63,"MilkyMist Buttermilk","Dairy Drinks",adult,3,68,59,100,96,63,B,0,sodium,false,""
63,"MilkyMist Buttermilk","Dairy Drinks",elderly,3,68,59,100,96,63,B,0,sodium,false,""
64,"MilkyMist Chocolate Milkshake","Milkshakes",child,4,31,51,100,63,33,C-,0,addedSugar,false,"amplified_exposure_category"
64,"MilkyMist Chocolate Milkshake","Milkshakes",teen,4,50,51,100,63,39,C-,0,addedSugar,false,"amplified_exposure_category"
64,"MilkyMist Chocolate Milkshake","Milkshakes",adult,4,41,51,100,63,36,C-,0,addedSugar,false,"amplified_exposure_category"
64,"MilkyMist Chocolate Milkshake","Milkshakes",elderly,4,42,51,100,63,37,C-,0,addedSugar,false,"amplified_exposure_category"
65,"MilkyMist Ice Cream Bar","Ice Cream",child,4,46,34,100,80,39,C-,0,addedSugar,false,"amplified_exposure_category|sugar_split"
65,"MilkyMist Ice Cream Bar","Ice Cream",teen,4,50,34,100,80,40,C,0,addedSugar,false,"amplified_exposure_category|sugar_split"
65,"MilkyMist Ice Cream Bar","Ice Cream",adult,4,50,34,100,80,40,C,0,addedSugar,false,"amplified_exposure_category|sugar_split"
65,"MilkyMist Ice Cream Bar","Ice Cream",elderly,4,50,34,100,80,40,C,0,addedSugar,false,"amplified_exposure_category|sugar_split"
66,"MilkyMist Vanilla Milkshake","Milkshakes",child,4,36,46,100,59,34,C-,0,addedSugar,false,"amplified_exposure_category"
66,"MilkyMist Vanilla Milkshake","Milkshakes",teen,4,50,46,100,59,38,C-,0,addedSugar,false,"amplified_exposure_category"
66,"MilkyMist Vanilla Milkshake","Milkshakes",adult,4,46,46,100,59,37,C-,0,addedSugar,false,"amplified_exposure_category"
66,"MilkyMist Vanilla Milkshake","Milkshakes",elderly,4,47,46,100,59,37,C-,0,addedSugar,false,"amplified_exposure_category"
67,"Mirinda","Drinks",child,4,50,43,90,0,29,D+,0,addedSugar,false,"allergen_undeclared|amplified_exposure_category"
67,"Mirinda","Drinks",teen,4,50,43,90,0,29,D+,0,addedSugar,false,"allergen_undeclared|amplified_exposure_category"
67,"Mirinda","Drinks",adult,4,50,43,90,0,29,D+,0,addedSugar,false,"allergen_undeclared|amplified_exposure_category"
67,"Mirinda","Drinks",elderly,4,50,43,90,0,29,D+,0,addedSugar,false,"allergen_undeclared|amplified_exposure_category"
68,"Nandini Toned Milk","Milk",child,1,73,100,100,100,90,A+,0,transFat,false,""
68,"Nandini Toned Milk","Milk",teen,1,81,100,100,100,93,A+,0,transFat,false,""
68,"Nandini Toned Milk","Milk",adult,1,77,100,100,100,92,A+,0,transFat,false,""
68,"Nandini Toned Milk","Milk",elderly,1,77,100,100,100,92,A+,0,transFat,false,""
69,"Nestlé KitKat","Chocolates",child,4,7,35,90,71,13,D,10,addedSugar,false,""
69,"Nestlé KitKat","Chocolates",teen,4,23,35,90,71,29,D+,0,addedSugar,false,""
69,"Nestlé KitKat","Chocolates",adult,4,13,35,90,71,26,D+,0,addedSugar,false,""
69,"Nestlé KitKat","Chocolates",elderly,4,14,35,90,71,26,D+,0,addedSugar,false,""
70,"Nestlé Milkybar","Chocolates",child,4,5,48,100,96,19,D,10,addedSugar,false,""
70,"Nestlé Milkybar","Chocolates",teen,4,18,48,100,96,33,C-,0,addedSugar,false,""
70,"Nestlé Milkybar","Chocolates",adult,4,10,48,100,96,30,C-,0,addedSugar,false,""
70,"Nestlé Milkybar","Chocolates",elderly,4,11,48,100,96,30,C-,0,addedSugar,false,""
71,"Nestlé Munch","Chocolates",child,4,5,26,90,67,11,D,10,addedSugar,false,""
71,"Nestlé Munch","Chocolates",teen,4,17,26,90,67,25,D+,0,addedSugar,false,""
71,"Nestlé Munch","Chocolates",adult,4,9,26,90,67,23,D+,0,addedSugar,false,""
71,"Nestlé Munch","Chocolates",elderly,4,10,26,90,67,23,D+,0,addedSugar,false,""
72,"Oreo Chocolate Creme","Cream Biscuits",child,4,7,24,90,39,7,E,10,addedSugar,false,""
72,"Oreo Chocolate Creme","Cream Biscuits",teen,4,19,24,90,39,21,D+,0,addedSugar,false,""
72,"Oreo Chocolate Creme","Cream Biscuits",adult,4,11,24,90,39,19,D,0,addedSugar,false,""
72,"Oreo Chocolate Creme","Cream Biscuits",elderly,4,12,24,90,39,19,D,0,addedSugar,false,""
73,"Oreo Vanilla Creme","Biscuits",child,4,7,24,90,96,16,D,10,addedSugar,false,""
73,"Oreo Vanilla Creme","Biscuits",teen,4,18,24,90,96,30,C-,0,addedSugar,false,""
73,"Oreo Vanilla Creme","Biscuits",adult,4,11,24,90,96,28,D+,0,addedSugar,false,""
73,"Oreo Vanilla Creme","Biscuits",elderly,4,12,24,90,96,28,D+,0,addedSugar,false,""
74,"Paper Boat Aamras","Drinks",child,4,38,49,90,88,38,C-,0,addedSugar,false,"allergen_undeclared|amplified_exposure_category"
74,"Paper Boat Aamras","Drinks",teen,4,50,49,90,88,42,C,0,addedSugar,false,"allergen_undeclared|amplified_exposure_category"
74,"Paper Boat Aamras","Drinks",adult,4,48,49,90,88,42,C,0,addedSugar,false,"allergen_undeclared|amplified_exposure_category"
74,"Paper Boat Aamras","Drinks",elderly,4,50,49,90,88,42,C,0,addedSugar,false,"allergen_undeclared|amplified_exposure_category"
75,"Paper Boat Coconut Water","Drinks",child,4,50,50,90,37,35,C-,0,addedSugar,false,"allergen_undeclared|amplified_exposure_category"
75,"Paper Boat Coconut Water","Drinks",teen,4,50,50,90,37,35,C-,0,addedSugar,false,"allergen_undeclared|amplified_exposure_category"
75,"Paper Boat Coconut Water","Drinks",adult,4,50,50,90,37,35,C-,0,addedSugar,false,"allergen_undeclared|amplified_exposure_category"
75,"Paper Boat Coconut Water","Drinks",elderly,4,50,50,90,37,35,C-,0,addedSugar,false,"allergen_undeclared|amplified_exposure_category"
76,"Parle Hide & Seek","Biscuits",child,4,11,31,90,96,18,D,10,addedSugar,false,""
76,"Parle Hide & Seek","Biscuits",teen,4,25,31,90,96,33,C-,0,addedSugar,false,""
76,"Parle Hide & Seek","Biscuits",adult,4,17,31,90,96,30,C-,0,addedSugar,false,""
76,"Parle Hide & Seek","Biscuits",elderly,4,17,31,90,96,30,C-,0,addedSugar,false,""
77,"Pepsi","Drinks",child,4,37,47,90,37,30,C-,0,addedSugar,false,"allergen_undeclared|amplified_exposure_category"
77,"Pepsi","Drinks",teen,4,50,47,90,37,34,C-,0,addedSugar,false,"allergen_undeclared|amplified_exposure_category"
77,"Pepsi","Drinks",adult,4,47,47,90,37,33,C-,0,addedSugar,false,"allergen_undeclared|amplified_exposure_category"
77,"Pepsi","Drinks",elderly,4,48,47,90,37,34,C-,0,addedSugar,false,"allergen_undeclared|amplified_exposure_category"
78,"Pluckk Tender Coconut Water","Drinks",child,1,86,100,100,100,95,A+,0,totalSugar,false,"allergen_undeclared|amplified_exposure_category"
78,"Pluckk Tender Coconut Water","Drinks",teen,1,91,100,100,100,97,A+,0,totalSugar,false,"allergen_undeclared|amplified_exposure_category"
78,"Pluckk Tender Coconut Water","Drinks",adult,1,89,100,100,100,96,A+,0,totalSugar,false,"allergen_undeclared|amplified_exposure_category"
78,"Pluckk Tender Coconut Water","Drinks",elderly,1,89,100,100,100,96,A+,0,totalSugar,false,"allergen_undeclared|amplified_exposure_category"
79,"Pran Potata Spicy Biscuit","Biscuits",child,4,19,35,100,85,30,C-,0,addedSugar,false,""
79,"Pran Potata Spicy Biscuit","Biscuits",teen,4,37,35,100,85,36,C-,0,addedSugar,false,""
79,"Pran Potata Spicy Biscuit","Biscuits",adult,4,27,35,100,85,33,C-,0,addedSugar,false,""
79,"Pran Potata Spicy Biscuit","Biscuits",elderly,4,28,35,100,85,33,C-,0,addedSugar,false,""
80,"Raw Pressery Coconut Water","Drinks",child,1,67,100,100,75,81,A,0,totalSugar,false,"allergen_undeclared|amplified_exposure_category"
80,"Raw Pressery Coconut Water","Drinks",teen,1,80,100,100,75,85,A,0,totalSugar,false,"allergen_undeclared|amplified_exposure_category"
80,"Raw Pressery Coconut Water","Drinks",adult,1,74,100,100,75,83,A,0,totalSugar,false,"allergen_undeclared|amplified_exposure_category"
80,"Raw Pressery Coconut Water","Drinks",elderly,1,75,100,100,75,84,A,0,totalSugar,false,"allergen_undeclared|amplified_exposure_category"
81,"Real Coconut Water","Drinks",child,3,80,59,100,54,58,C+,0,totalSugar,false,"allergen_undeclared|amplified_exposure_category"
81,"Real Coconut Water","Drinks",teen,3,87,59,100,54,61,B,0,totalSugar,false,"allergen_undeclared|amplified_exposure_category"
81,"Real Coconut Water","Drinks",adult,3,84,59,100,54,60,B,0,totalSugar,false,"allergen_undeclared|amplified_exposure_category"
81,"Real Coconut Water","Drinks",elderly,3,84,59,100,54,60,B,0,totalSugar,false,"allergen_undeclared|amplified_exposure_category"
82,"Slice Mango Drink","Drinks",child,4,25,47,90,18,23,D+,0,addedSugar,false,"allergen_undeclared|amplified_exposure_category"
82,"Slice Mango Drink","Drinks",teen,4,46,47,90,18,30,C-,0,addedSugar,false,"allergen_undeclared|amplified_exposure_category"
82,"Slice Mango Drink","Drinks",adult,4,35,47,90,18,26,D+,0,addedSugar,false,"allergen_undeclared|amplified_exposure_category"
82,"Slice Mango Drink","Drinks",elderly,4,36,47,90,18,27,D+,0,addedSugar,false,"allergen_undeclared|amplified_exposure_category"
83,"Sunfeast Dark Fantasy Choco Fills","Cream Biscuits",child,4,7,20,90,39,7,E,10,addedSugar,false,""
83,"Sunfeast Dark Fantasy Choco Fills","Cream Biscuits",teen,4,20,20,90,39,21,D+,0,addedSugar,false,""
83,"Sunfeast Dark Fantasy Choco Fills","Cream Biscuits",adult,4,12,20,90,39,19,D,0,addedSugar,false,""
83,"Sunfeast Dark Fantasy Choco Fills","Cream Biscuits",elderly,4,13,20,90,39,19,D,0,addedSugar,false,""
84,"Taali Masala Cashews","Dry Fruits & Nuts",child,4,38,43,100,67,35,C-,0,saturatedFat,false,""
84,"Taali Masala Cashews","Dry Fruits & Nuts",teen,4,50,43,100,67,39,C-,0,saturatedFat,false,""
84,"Taali Masala Cashews","Dry Fruits & Nuts",adult,4,47,43,100,67,38,C-,0,saturatedFat,false,""
84,"Taali Masala Cashews","Dry Fruits & Nuts",elderly,4,47,43,100,67,38,C-,0,saturatedFat,false,""
85,"Tata Sampann Premium Almonds","Chips & Snacks",child,1,68,100,100,100,89,A,0,calories,false,"allergen_undeclared"
85,"Tata Sampann Premium Almonds","Chips & Snacks",teen,1,80,100,100,100,93,A+,0,calories,false,"allergen_undeclared"
85,"Tata Sampann Premium Almonds","Chips & Snacks",adult,1,75,100,100,100,91,A+,0,calories,false,"allergen_undeclared"
85,"Tata Sampann Premium Almonds","Chips & Snacks",elderly,1,75,100,100,100,91,A+,0,calories,false,"allergen_undeclared"
86,"Tata Soulfull Choco Muesli","Muesli & Cereals",child,4,34,57,90,96,39,C-,0,addedSugar,false,""
86,"Tata Soulfull Choco Muesli","Muesli & Cereals",teen,4,50,57,90,96,44,C,0,addedSugar,false,""
86,"Tata Soulfull Choco Muesli","Muesli & Cereals",adult,4,42,57,90,96,41,C,0,addedSugar,false,""
86,"Tata Soulfull Choco Muesli","Muesli & Cereals",elderly,4,43,57,90,96,42,C,0,addedSugar,false,""
87,"Tata Soulfull Millet Muesli","Muesli & Cereals",child,4,44,57,90,96,42,C,0,totalSugar,false,""
87,"Tata Soulfull Millet Muesli","Muesli & Cereals",teen,4,50,57,90,96,44,C,0,totalSugar,false,""
87,"Tata Soulfull Millet Muesli","Muesli & Cereals",adult,4,50,57,90,96,44,C,0,totalSugar,false,""
87,"Tata Soulfull Millet Muesli","Muesli & Cereals",elderly,4,50,57,90,96,44,C,0,totalSugar,false,""
88,"Thums Up","Drinks",child,4,38,43,90,54,33,C-,0,addedSugar,false,"allergen_undeclared|amplified_exposure_category"
88,"Thums Up","Drinks",teen,4,50,43,90,54,37,C-,0,addedSugar,false,"allergen_undeclared|amplified_exposure_category"
88,"Thums Up","Drinks",adult,4,48,43,90,54,36,C-,0,addedSugar,false,"allergen_undeclared|amplified_exposure_category"
88,"Thums Up","Drinks",elderly,4,50,43,90,54,37,C-,0,addedSugar,false,"allergen_undeclared|amplified_exposure_category"
89,"Too Yumm NutriChips","Chips & Snacks",child,4,32,51,100,46,31,C-,0,sodium,false,""
89,"Too Yumm NutriChips","Chips & Snacks",teen,4,46,51,100,46,36,C-,0,sodium,false,""
89,"Too Yumm NutriChips","Chips & Snacks",adult,4,48,51,100,46,36,C-,0,sodium,false,""
89,"Too Yumm NutriChips","Chips & Snacks",elderly,4,49,51,100,46,36,C-,0,sodium,false,""
90,"Too Yumm Veggix","Chips & Snacks",child,4,37,47,100,67,35,C-,0,sodium,false,""
90,"Too Yumm Veggix","Chips & Snacks",teen,4,50,47,100,67,40,C,0,sodium,false,""
90,"Too Yumm Veggix","Chips & Snacks",adult,4,50,47,100,67,40,C,0,sodium,false,""
90,"Too Yumm Veggix","Chips & Snacks",elderly,4,50,47,100,67,40,C,0,sodium,false,""
91,"True Elements Raw Pumpkin Seeds","Seeds",child,1,54,100,100,100,84,A,0,saturatedFat,false,"allergen_undeclared"
91,"True Elements Raw Pumpkin Seeds","Seeds",teen,1,66,100,100,100,88,A,0,saturatedFat,false,"allergen_undeclared"
91,"True Elements Raw Pumpkin Seeds","Seeds",adult,1,60,100,100,100,86,A,0,saturatedFat,false,"allergen_undeclared"
91,"True Elements Raw Pumpkin Seeds","Seeds",elderly,1,60,100,100,100,86,A,0,saturatedFat,false,"allergen_undeclared"
92,"True Elements Raw Sunflower Seeds","Seeds",child,1,64,100,100,100,87,A,0,saturatedFat,false,"allergen_undeclared"
92,"True Elements Raw Sunflower Seeds","Seeds",teen,1,73,100,100,100,91,A+,0,saturatedFat,false,"allergen_undeclared"
92,"True Elements Raw Sunflower Seeds","Seeds",adult,1,69,100,100,100,89,A,0,saturatedFat,false,"allergen_undeclared"
92,"True Elements Raw Sunflower Seeds","Seeds",elderly,1,69,100,100,100,89,A,0,saturatedFat,false,"allergen_undeclared"
93,"Yoga Bar Blueberry Protein Bar","Protein Bars",child,4,36,54,100,75,37,C-,0,addedSugar,false,""
93,"Yoga Bar Blueberry Protein Bar","Protein Bars",teen,4,50,54,100,75,42,C,0,addedSugar,false,""
93,"Yoga Bar Blueberry Protein Bar","Protein Bars",adult,4,43,54,100,75,39,C-,0,addedSugar,false,""
93,"Yoga Bar Blueberry Protein Bar","Protein Bars",elderly,4,44,54,100,75,39,C-,0,addedSugar,false,""
94,"Yoga Bar Choco Chunk Protein Bar","Protein Bars",child,4,50,60,100,75,42,C,0,totalSugar,false,""
94,"Yoga Bar Choco Chunk Protein Bar","Protein Bars",teen,4,50,60,100,75,42,C,0,totalSugar,false,""
94,"Yoga Bar Choco Chunk Protein Bar","Protein Bars",adult,4,50,60,100,75,42,C,0,totalSugar,false,""
94,"Yoga Bar Choco Chunk Protein Bar","Protein Bars",elderly,4,50,60,100,75,42,C,0,totalSugar,false,""
95,"Yoga Bar Dark Chocolate Protein Bar","Protein Bars",child,4,46,54,100,96,43,C,0,addedSugar,false,""
95,"Yoga Bar Dark Chocolate Protein Bar","Protein Bars",teen,4,50,54,100,96,45,C,0,addedSugar,false,""
95,"Yoga Bar Dark Chocolate Protein Bar","Protein Bars",adult,4,50,54,100,96,45,C,0,addedSugar,false,""
95,"Yoga Bar Dark Chocolate Protein Bar","Protein Bars",elderly,4,50,54,100,96,45,C,0,addedSugar,false,""
96,"Yoga Bar Fruit & Nut Protein Bar","Protein Bars",child,4,31,45,100,75,34,C-,0,addedSugar,false,""
96,"Yoga Bar Fruit & Nut Protein Bar","Protein Bars",teen,4,47,45,100,75,40,C,0,addedSugar,false,""
96,"Yoga Bar Fruit & Nut Protein Bar","Protein Bars",adult,4,38,45,100,75,36,C-,0,addedSugar,false,""
96,"Yoga Bar Fruit & Nut Protein Bar","Protein Bars",elderly,4,39,45,100,75,37,C-,0,addedSugar,false,""
97,"Yoga Bar Millet Muesli","Muesli & Cereals",child,4,50,56,90,75,41,C,0,totalSugar,false,""
97,"Yoga Bar Millet Muesli","Muesli & Cereals",teen,4,50,56,90,75,41,C,0,totalSugar,false,""
97,"Yoga Bar Millet Muesli","Muesli & Cereals",adult,4,50,56,90,75,41,C,0,totalSugar,false,""
97,"Yoga Bar Millet Muesli","Muesli & Cereals",elderly,4,50,56,90,75,41,C,0,totalSugar,false,""
98,"Yoga Bar Muesli","Muesli & Cereals",child,4,50,60,90,75,41,C,0,addedSugar,false,""
98,"Yoga Bar Muesli","Muesli & Cereals",teen,4,50,60,90,75,41,C,0,addedSugar,false,""
98,"Yoga Bar Muesli","Muesli & Cereals",adult,4,50,60,90,75,41,C,0,addedSugar,false,""
98,"Yoga Bar Muesli","Muesli & Cereals",elderly,4,50,60,90,75,41,C,0,addedSugar,false,""
99,"Yoga Bar Nuts & Fruits Muesli","Muesli & Cereals",child,4,50,61,90,75,42,C,0,calories,false,""
99,"Yoga Bar Nuts & Fruits Muesli","Muesli & Cereals",teen,4,50,61,90,75,42,C,0,calories,false,""
99,"Yoga Bar Nuts & Fruits Muesli","Muesli & Cereals",adult,4,50,61,90,75,42,C,0,calories,false,""
99,"Yoga Bar Nuts & Fruits Muesli","Muesli & Cereals",elderly,4,50,61,90,75,42,C,0,calories,false,""
100,"Yoga Bar Pumpkin Seeds","Seeds",child,1,71,100,100,100,90,A+,0,calories,false,""
100,"Yoga Bar Pumpkin Seeds","Seeds",teen,1,78,100,100,100,92,A+,0,saturatedFat,false,""
100,"Yoga Bar Pumpkin Seeds","Seeds",adult,1,75,100,100,100,91,A+,0,calories,false,""
100,"Yoga Bar Pumpkin Seeds","Seeds",elderly,1,75,100,100,100,91,A+,0,saturatedFat,false,""
