Comparison,N,Mean,Median,SD,CI_Lower,CI_Upper,Cohen_d,Wilcoxon_W,Wilcoxon_p,HolmBonf_Alpha,Holm_Adjusted_p,Significant
adultVsChild,100,4.31,3,3.834176455369404,3.54929939125471,5.070700608745289,1.1241005859196307,0,2.220446049250313e-16,0.005555555555555556,1.9984014443252818e-15,true
adultVsTeen,100,-2.09,-2,1.3787345977051173,-2.3635409441846953,-1.8164590558153046,-1.5158827547221727,24,1.5543122344752192e-15,0.0125,6.217248937900877e-15,true
adultVsElderly,100,-0.23,0,0.4461960433384737,-0.3185252949983532,-0.14147470500164683,-0.5154684884229856,13,0.0000042292864674831065,0.05,0.0000042292864674831065,true
ablationN,100,20.52,21,7.473157352022023,19.03732558135883,22.00267441864117,2.745827370334692,0,2.220446049250313e-16,0.00625,1.9984014443252818e-15,true
ablationI,100,5.07,6,2.4089689315413167,4.592060563982203,5.547939436017797,2.1046348641599506,0,6.661338147750939e-16,0.008333333333333333,3.9968028886505635e-15,true
ablationP,100,0.28,0,0.4512608598542128,0.1904698454049242,0.3695301545950759,0.6204836822995431,0,1.2156652262618195e-7,0.025,2.431330452523639e-7,true
ablationA,100,5.52,5,4.379659135299704,4.651075627556539,6.38892437244346,1.2603720585260252,0,3.552713678800501e-15,0.016666666666666666,1.0658141036401503e-14,true
ablationNova,100,16.5,19,8.201379534116578,14.87284630043127,18.12715369956873,2.0118566555007407,0,1.1102230246251565e-15,0.01,5.551115123125783e-15,true
ablationAge,100,3.31,3,3.044103424091508,2.706049880660245,3.9139501193397552,1.0873480755627898,0,2.220446049250313e-16,0.0071428571428571435,1.9984014443252818e-15,true
