ID,Name,Brand,Category,Barcode,Ingredients,NutriGuard Score,NutriGuard Grade,FVL_known,NNS,Algorithm,Score_low,Score_high,NS_robust,Grade_Range,NutriScore_Status
1,5 Star,Cadbury,Chocolates,7622202819384.0,"Sugar, Liquid Glucose, Milk Solids, Invert Sugar, Hydrogenated Vegetable Fat, Cocoa Solids, Emulsifiers (322,476), Flavouring Substances",23,D+,,False,general,27,32,E,E,Robust grade (invariant to unresolved FVL)
2,Amul 99% Cacao,Amul,Chocolates,8901262071864.0,"Cocoa Solids, Emulsifiers (322,476)",36,C-,,False,general,11,16,D,D,Robust grade (invariant to unresolved FVL)
3,Amul Bitter Chocolate,Amul,Chocolates,8901262070836.0,"Cocoa Solids, Sugar, Emulsifiers (322,476), Artificial Flavouring Substances (Cocoa,Vanilla)",29,D+,,False,general,18,23,,E/D,
4,Amul Buttermilk,Amul,Dairy Drinks,8901262200233.0,"Milk Solids, Common Salt, Spices & Condiments, INS 460(ii)",60,B,,False,beverage,-6,0,B,B,Robust grade (invariant to unresolved FVL)
5,Amul Dark Chocolate,Amul,Chocolates,8901262070676.0,"Cocoa Solids, Sugar, Cocoa Butter, Emulsifiers (322,476), Artificial Flavouring Substances (Cocoa,Vanilla)",26,D+,,False,general,23,28,E,E,Robust grade (invariant to unresolved FVL)
6,Amul Sugar Free Chocolate,Amul,Chocolates,8901262070324.0,"Cocoa Solids, Maltitol, Cocoa Butter, Emulsifiers (322,476), Artificial Flavouring Substances (Cocoa,Vanilla)",37,C-,,False,general,11,16,D,D,Robust grade (invariant to unresolved FVL)
7,Amul Taaza Milk,Amul,Milk,8901262260107.0,Milk,90,A+,,False,beverage,4,10,,E/D/C,
8,Amul Tricone,Amul,Ice Cream,8901262300568.0,"Chocolate Ice Cream, Milk Solids, Sugar, Cocoa Solids, Emulsifiers (471,322), Stabilizers (407,466,415,412), Cocoa Coating, Wafer Biscuit",34,C-,,False,general,14,19,,E/D,
9,Arokya Full Cream Milk,Arokya,Milk,8904057396166.0,"Milk, Milk Solids",93,A+,,False,beverage,-3,3,,C/B,
10,Arun Butterscotch,Arun,Ice Cream,8904057301467.0,"Milk Solids, Sugar, Liquid Glucose, Emulsifiers (471,477), Stabilizers (410,412), Artificial Butterscotch Flavour, Caramel Color (150d)",27,D+,,False,general,15,20,,E/D,
11,Arun Chocolate Ice Cream,Arun,Ice Cream,8904057301566.0,"Milk Solids, Sugar, Cocoa Solids, Liquid Glucose, Emulsifiers (471,477,322), Stabilizers (410,412), Artificial Vanilla Flavour, Chocolate Sauce",28,D+,,False,general,18,23,,E/D,
12,Bingo Original,Bingo,Chips & Snacks,8901725007508.0,"Potato, Refined Palmolein Oil, Seasoning, Maltodextrin, Spices, Sugar, Iodised Salt, Flavour Enhancers (627,631), Acidity Regulator (330)",36,C-,100.0,False,general,21,21,E,E,Robust grade (invariant to unresolved FVL)
13,Aquafina Water,Aquafina,Drinks,8902080504084.0,"Treated Water, Calcium Salts, Magnesium Salts",99,A+,,False,beverage,-6,0,B,B,Robust grade (invariant to unresolved FVL)
14,Boost,Boost,Health Drinks,89013022001897.0,"Cereal Extract, Malted Barley, Sugar, Wheat Flour, Milk Solids, Minerals, Natural Colour, INS 150c, INS 500(ii), INS 501(ii), Cocoa Powder, Vitamins, Natural Flavour, Soy Protein Isolate",29,D+,,False,general,16,21,,E/D,
15,Bourbon,Britannia,Cream Biscuits,8901063139350.0,"Refined Wheat Flour, Sugar, Refined Palm Oil, Edible Starch, Cocoa Solids, Milk Chocolate, Emulsifiers (322,471), Artificial Vanilla Flavour",26,D+,,False,general,21,26,E,E,Robust grade (invariant to unresolved FVL)
16,Britannia Good Day Butter,Britannia,Biscuits,8901063370135.0,"Refined Wheat Flour, Maida, Refined Palm Oil, Sugar, Invert Sugar Syrup, Milk Products, Milk Solids, Butter, Raising Agents (503ii,500ii), Iodized Salt, Artificial Butter Milk & Vanilla Flavour, Emulsifiers (472e,322)",25,D+,,False,general,18,23,,E/D,
17,Britannia Good Day Cashew,Britannia,Biscuits,8901063093713.0,"Refined Wheat Flour, Refined Palm Oil, Sugar, Invert Sugar Syrup, Cashew, Milk Products, Milk Solids, Butter, Raising Agents (503ii,500ii), Emulsifiers (322,471,472e), Artificial Vanilla & Milk Flavour",24,D+,,False,general,19,24,E,E,Robust grade (invariant to unresolved FVL)
18,Britannia Good Day Choco Chip,Britannia,Biscuits,8901063004139.0,"Refined Wheat Flour, Sugar, Dark Chocolate Chips, Hydrogenated Vegetable Oil, Cocoa Solids, Milk Solids, Raising Agents (503ii,500ii), Cocoa Powder, Emulsifiers (322,471,472e), Colour (150d), Vanilla Flavour",18,D,,False,general,22,27,E,E,Robust grade (invariant to unresolved FVL)
19,Britannia Good Day Pista Badam,Britannia,Biscuits,8901063094277.0,"Refined Wheat Flour, Refined Palm Oil, Sugar, Pistachio, Invert Sugar Syrup, Milk Solids, Butter, Raising Agents (503ii,500ii), Emulsifiers (322,471,472e), Colour (102), Artificial Vanilla Flavour",19,D,,False,general,19,24,E,E,Robust grade (invariant to unresolved FVL)
20,Britannia Marie Gold,Britannia,Biscuits,8901063023901.0,"Refined Wheat Flour, Sugar, Edible Vegetable Oil, Invert Syrup, Milk Solids, Raising Agents (503ii,500ii), Iodised Salt, Dough Conditioner (223), Emulsifier (472e), Colour (150d), Nature Identical & Artificial Flavour",21,D+,,False,general,11,16,D,D,Robust grade (invariant to unresolved FVL)
21,Britannia NutriChoice 5 Grain,Britannia,Biscuits,,"Whole Wheat Flour, Refined Wheat Flour, Ragi Flour, Corn Flakes, Rolled Oats, Jowar Flour, Rice Flour, Quinoa Flour, Wheat Bran, Milk Products, Honey, Raising Agents (500ii,503ii), Emulsifiers (322,471,472e)",29,D+,,False,general,12,17,D,D,Robust grade (invariant to unresolved FVL)
22,Britannia NutriChoice Digestive,Britannia,Biscuits,8901063372023.0,"Whole Wheat Flour, Refined Palm Oil, Sugar, Wheat Bran, Maltodextrin, Raising Agents (500ii,503ii), Malt Extract, Nature Identical Vanilla Flavour, Emulsifiers (322,471), Dough Conditioner (223)",30,C-,,False,general,14,19,,E/D,
23,Britannia NutriChoice Milk Biscuits,Britannia,Biscuits,8901063142886.0,"Whole Wheat Flour, Millet Flours, Rolled Oats, Wheat Bran, Sugar, Palm Oil, Milk Products, Raising Agents (500ii,503ii), Emulsifiers (322,471,472e), Colour (150d)",26,D+,,False,general,12,17,D,D,Robust grade (invariant to unresolved FVL)
24,Britannia NutriChoice Orange Biscuits,Britannia,Biscuits,8901063142893.0,"Whole Wheat Flour, Millet Flours, Rolled Oats, Wheat Bran, Sugar, Palm Oil, Milk Products, Orange Powder, Raising Agents (500ii,503ii), Preservative (202), Emulsifiers (322,471,472e), Colour (150d)",25,D+,,False,general,11,16,D,D,Robust grade (invariant to unresolved FVL)
25,Britannia Tiger,Britannia,Biscuits,8901063155329.0,"Refined Wheat Flour, Sugar, Refined Palm Oil, Choco Chips, Dextrose, Milk Solids, Raising Agents (500ii,503ii), Colours (150c,124,133)",15,D,,False,general,18,23,,E/D,
26,Britannia Treat Jim Jam,Britannia,Cream Biscuits,8901063029262.0,"Refined Wheat Flour, Sugar, Palm Oil, Milk Products, Fruit Jam, Raising Agents (503ii,500ii), Acidity Regulators (330,331iii), Colour (122), Artificial Flavouring Substances",16,D,,False,general,21,26,E,E,Robust grade (invariant to unresolved FVL)
27,Britannia Treat Orange Creme,Britannia,Cream Biscuits,8901063032705.0,"Interesterified Vegetable Fat, Refined Wheat Flour, Sugar, Coconut Oil, Emulsifier (322), Nature Identical Orange Flavour, Raising Agent (500ii), Colours (110,124)",16,D,,False,general,21,26,E,E,Robust grade (invariant to unresolved FVL)
28,Cadbury Bournville Cranberry,Cadbury,Chocolates,7622202325939.0,"Sugar, Cocoa Butter, Cocoa Solids, Dried Sweetened Cranberries, Almonds, Milk Solids, Emulsifiers (442,476), Natural and Nature Identical Flavouring Substances",21,D+,,False,general,24,29,E,E,Robust grade (invariant to unresolved FVL)
29,Cadbury Dairy Milk,Cadbury,Chocolates,7622202818363.0,"Sugar, Milk Solids, Cocoa Butter, Cocoa Solids, Fractionated Fat, Emulsifiers (442,476), Natural and Nature Identical Flavouring Substances",21,D+,,False,general,27,32,E,E,Robust grade (invariant to unresolved FVL)
30,Cadbury Perk,Cadbury,Chocolates,7622202344152.0,"Sugar, Refined Wheat Flour, Vegetable Fat, Milk Solids, Cocoa Solids, Emulsifiers (442,322,476), Raising Agent (500ii), Improver (1101i)",16,D,,False,general,25,30,E,E,Robust grade (invariant to unresolved FVL)
31,Cavin's Chocolate Milkshake,Cavin's,Milkshakes,,"Toned Milk, Sugar, Cocoa Solids, Flavouring Substances, Stabilizers (415,412,407), Sequestrant (451i), Iodized Salt",37,C-,,False,beverage,10,16,E,E,Robust grade (invariant to unresolved FVL)
32,Cavin's Spiced Buttermilk,Cavin's,Dairy Drinks,89014042001362.0,"Water, Milk Solids, Iodized Salt, Spices & Condiments, INS 460(ii), INS 466",60,B,,False,beverage,-1,5,,C/B,
33,Cavin's Vanilla Milkshake,Cavin's,Milkshakes,,"Toned Milk, Sugar, Flavouring Substances, Stabilizers (415,412,407), Sequestrant (339ii), Emulsifier (471), Iodized Salt",37,C-,,False,beverage,10,16,E,E,Robust grade (invariant to unresolved FVL)
34,Coca-Cola,Coca-Cola,Drinks,8901764012273.0,"Carbonated Water, Sugar, Acidity Regulator (338), Caffeine, Colour (150d), Natural Flavouring Substances",36,C-,,False,beverage,7,13,,E/D,
35,Complan Royale Chocolate,Complan,Health Drinks,8901542000102.0,"Milk Solids, Sugar, Peanut Oil, Maltodextrin, Natural Flavour, Cardamom, Minerals, Vitamins, Prebiotic, INS 150c",29,D+,,False,general,20,25,E,E,Robust grade (invariant to unresolved FVL)
36,Dark Fantasy Chocolate Milkshake,Sunfeast,Milkshakes,8909081005428.0,"Milk Solids, Sugar, Water, Cocoa Powder, Nature Identical Flavouring Substances, Stabilizers (407,412), Emulsifier (471), Acidity Regulator (339iii), Artificial Flavouring Substances, Iodized Salt",36,C-,,False,beverage,9,15,,E/D,
37,Diet Coke,Coca-Cola,Drinks,8901764061103.0,"Carbonated Water, Acidity Regulators (338,331iii), Sweeteners (951,950), Preservative (211), Caffeine, Colour (150d), Natural Flavouring Substances",31,C-,,True,beverage,-2,4,,C/B,
38,Diet Pepsi,Pepsi,Drinks,8902080000333.0,"Carbonated Water, Colour (150d), Acidity Regulators (338,331iii), Sweeteners (955,950), Preservative (211), Caffeine, Natural Flavouring Substances, Stabilizer (385)",30,C-,,True,beverage,-2,4,,C/B,
39,Farmley Almond Kernels,Farmley,Dry Fruits & Nuts,8906120100267.0,Almond Kernels,89,A,,False,fats/oils/nuts/seeds,-8,-8,A,A,Robust grade (invariant to unresolved FVL)
40,Farmley Pumpkin Seeds,Farmley,Seeds,8906120100151.0,Pumpkin Seeds,87,A,,False,fats/oils/nuts/seeds,-7,-7,A,A,Robust grade (invariant to unresolved FVL)
41,Farmley Sunflower Seeds,Farmley,Seeds,8906120107181.0,Sunflower Seeds,89,A,,False,fats/oils/nuts/seeds,-10,-10,A,A,Robust grade (invariant to unresolved FVL)
42,Frooti Mango Drink,Parle Agro,Drinks,8902579000370.0,"Water, Sugar, Mango Pulp (11.2%), Acidity Regulators (330,331iii), Stabilizer (466), Nature Identical Mango Flavour, Antioxidant (300), Food Colour (110)",29,D+,11.2,False,beverage,16,16,E,E,Robust grade (invariant to unresolved FVL)
43,Happilo Premium Californian Almonds,Happilo,Dry Fruits & Nuts,8902229990365.0,Californian Almonds,90,A+,,False,fats/oils/nuts/seeds,-8,-8,A,A,Robust grade (invariant to unresolved FVL)
44,Hershey's Chocolate Milkshake,Hershey's,Milkshakes,,"Water, Sugar, Milk Solids, Cocoa Solids, Emulsifiers (460i,466,471), Minerals, Sequestrant (339ii), Common Salt, Vitamin E, Vitamin A, Vitamin D2, Vitamin B1, Vitamin B2",28,D+,,False,beverage,7,13,,E/D,
45,Hershey's Vanilla Milkshake,Hershey's,Milkshakes,8901071732468.0,"Water, Sugar, Milk Solids, Emulsifiers (460i,466,471,407), Minerals, Sequestrant (339ii), Vitamins A,D2,E,B1,B2, Common Salt, Nature Identical & Artificial Vanilla Flavour",27,D+,,False,beverage,7,13,,E/D,
46,Horlicks Classic Malt,Horlicks,Health Drinks,8909106074804.0,"Barley Malt, Barley, Millet, Oats, Almond Powder, Wheat Flour, Wheat Extract, Milk Solids, Sugar, Minerals, Vitamins, Edible Iodised Salt, Soy Protein Isolate, Natural Flavour, INS 500(ii), INS 501(ii)",29,D+,,False,general,13,18,D,D,Robust grade (invariant to unresolved FVL)
47,Kellogg's Chocos,Kellogg's,Muesli & Cereals,8901499027610.0,"Multigrain Mix, Wheat, Corn, Rice, Oats, Sugar, Cocoa Powder, Black Currants, Cereal Extract, Natural & Artificial Flavour",38,C-,,False,general,8,13,,D/C,
48,Kellogg's Muesli,Kellogg's,Muesli & Cereals,8901499023735.0,"Multigrain Mix, Corn Grits, Corn Meal, Wheat, Rice Flour, Ragi Millet Flour, Rolled Barley, Refined Wheat Flour, Sugar, Dry Fruits & Seeds, Black Raisins, Black Currants, Pumpkin Seeds, Cereal Extract, Honey, Oligofructose, Vitamins, Minerals, Antioxidant (307b), Colour (150d)",34,C-,,False,general,3,8,C,C,Robust grade (invariant to unresolved FVL)
49,Kellogg's Muesli Fruit Nut & Seeds,Kellogg's,Muesli & Cereals,8901499010483.0,"Multigrain Mix, Corn Grits, Wheat, Rolled Barley, Rolled Oats, Rice Flour, Corn Meal, Raisins, Black Currants, Cereal Extract, Oligofructose, Flax Seeds, Pumpkin Seeds, Almonds, Honey, Natural Flavour",38,C-,,False,general,2,7,,C/B,
50,Kurkure Chilli Chatka,Kurkure,Chips & Snacks,8901491100533.0,"Rice Meal, Corn Meal, Edible Vegetable Oil, Seasoning, Spices and Condiments, Sugar, Iodised Salt, Rice Flour, Acidity Regulators (330,296), Flavour Enhancers (627,631), Gram Meal",36,C-,,False,general,20,25,E,E,Robust grade (invariant to unresolved FVL)
51,Kurkure Masala Munch,Kurkure,Chips & Snacks,8901491100519.0,"Rice Meal, Corn Meal, Edible Vegetable Oil, Seasoning, Spices and Condiments, Sugar, Iodised Salt, Natural Tomato Flavour, Acidity Regulators (330,296,334), Colour (160c), Maltodextrin, Gram Meal",39,C-,,False,general,16,21,,E/D,
52,Lay's American Style Cream & Onion,Lay's,Chips & Snacks,8901491101076.0,"Potato (83%), Edible Vegetable Oil, Seasoning, Sugar, Iodised Salt, Milk Solids, Maltodextrin, Natural & Nature Identical Flavouring Substances, Cheese Powder, Flavour Enhancers (627,631), Hydrolysed Vegetable Protein",36,C-,83.0,False,general,19,19,E,E,Robust grade (invariant to unresolved FVL)
53,Lay's Chile Limon,Lay's,Chips & Snacks,8901491981552.0,"Potato, Edible Vegetable Oil, Seasoning, Sugar, Iodised Salt, Spices, Natural and Nature Identical Flavouring Substances, Lime Juice Powder, Flavour Enhancers (627,631)",36,C-,100.0,False,general,23,23,E,E,Robust grade (invariant to unresolved FVL)
54,Lay's Classic,Lay's,Chips & Snacks,8901491101837.0,"Potato (88%), Edible Vegetable Oil, Iodised Salt",38,C-,88.0,False,general,17,17,D,D,Robust grade (invariant to unresolved FVL)
55,Lay's Hot & Sweet Chilli,Lay's,Chips & Snacks,8901491103124.0,"Potato (80%), Edible Vegetable Oil, Seasoning, Sugar, Maltodextrin, Iodised Salt, Spices, Natural & Nature Identical Flavouring Substances, Flavour Enhancers (627,631), Hydrolysed Vegetable Protein, Cocoa Solids",36,C-,80.0,False,general,23,23,E,E,Robust grade (invariant to unresolved FVL)
56,Lay's India's Magic Masala,Lay's,Chips & Snacks,8901491101844.0,"Potato (83%), Edible Vegetable Oil, Seasoning, Spices, Iodised Salt, Black Salt, Maltodextrin, Acidity Regulators (330,296,334), Sugar, Tomato Powder, Flavour Enhancers (627,631), Colour (160c), Antioxidant (319)",27,D+,83.0,False,general,19,19,E,E,Robust grade (invariant to unresolved FVL)
57,Lay's Tomato Tango,Lay's,Chips & Snacks,8901491101820.0,"Potato (80%), Edible Vegetable Oil, Seasoning, Sugar, Maltodextrin, Natural & Nature Identical Flavouring Substances, Spices, Tomato Powder, Hydrolysed Vegetable Protein, Wheat Fibre, Dextrose, Flavour Enhancers (627,631)",37,C-,80.0,False,general,23,23,E,E,Robust grade (invariant to unresolved FVL)
58,Maaza,Coca-Cola,Drinks,8901764175022.0,"Water, Sugar, Mango Pulp (10.7%), Acidity Regulators (330,331iii), Stabilizer (466), Antioxidant (300), Permitted Food Colour (110), Nature Identical & Artificial Mango Flavour",30,C-,10.7,False,beverage,16,16,E,E,Robust grade (invariant to unresolved FVL)
59,Magnum Almond,Magnum,Ice Cream,8909106034921.0,"Ice Cream, Milk Solids, Sugar, Liquid Glucose, Emulsifier (471), Stabilizers (410,412,407), Chocolate Coating, Cocoa Butter, Cocoa Solids, Almonds, Emulsifier (322)",36,C-,,False,general,9,14,,D/C,
60,Magnum Chocolate,Magnum,Ice Cream,8909106034938.0,"Ice Cream, Chocolate Flavoured Confectionery, Milk Solids, Liquid Glucose, Cocoa Powder, Emulsifier (471), Stabilizers (410,412,407), Chocolate Coating, Emulsifier (322)",37,C-,,False,general,9,14,,D/C,
61,Makino Roasted Masala Cashews,Makino,Chips & Snacks,100000000101.0,"Cashew Nuts, Edible Vegetable Oil, Spices and Condiments, Salt",55,C+,,False,general,14,19,,E/D,
62,Manna Health Mix,Manna,Health Drinks,8906008351927.0,"Ragi, Bajra, Corn, Jowar, Wheat, Red Rice, Barley, Sago, Pulses, Groundnut, Almond, Cashew, Cardamom",93,A+,,False,general,-10,-5,A,A,Robust grade (invariant to unresolved FVL)
63,MilkyMist Buttermilk,MilkyMist,Dairy Drinks,8904083309260.0,"Water, Toned Milk Curd, Iodized Salt, INS 440, Spices",63,B,,False,beverage,3,9,,D/C,
64,MilkyMist Chocolate Milkshake,MilkyMist,Milkshakes,8904083300984.0,"Toned Milk, Water, Sugar, Milk Solids, Cocoa Powder, Emulsifier (471), Stabilizers (407,412), Acidity Regulator (339iii), Chocolate Flavour",36,C-,,False,beverage,9,15,,E/D,
65,MilkyMist Ice Cream Bar,MilkyMist,Ice Cream,8904083321415.0,"Ice Cream, Milk Solids, Sugar, Liquid Glucose, Emulsifiers (471,322), Stabilizers (415,410,412), Chocolate Compound",40,C,,False,general,5,10,C,C,Robust grade (invariant to unresolved FVL)
66,MilkyMist Vanilla Milkshake,MilkyMist,Milkshakes,8904083322573.0,"Toned Milk, Sugar, Milk Solids, Emulsifier (471), Stabilizers (407,412,415), Vanilla Flavour, Acidity Regulator (339iii)",37,C-,,False,beverage,9,15,,E/D,
67,Mirinda,Pepsi,Drinks,8902080205042.0,"Carbonated Water, Sugar, Acidity Regulators (330,331), Natural & Artificial Flavour, Sweeteners (955,950), Preservative (211), Stabilizer (444), Colour (110)",29,D+,,True,beverage,6,12,,E/D/C,
68,Nandini Toned Milk,Nandini,Milk,8906036670014.0,Toned Milk,92,A+,,False,beverage,-2,4,,C/B,
69,Nestlé KitKat,Nestlé,Chocolates,8901058904741.0,"Sugar, Milk Solids, Fractionated Vegetable Fat, Hydrogenated Vegetable Fat, Refined Wheat Flour, Cocoa Solids, Emulsifier (322), Raising Agent (500ii), Artificial Vanilla Flavour, Yeast, Salt",26,D+,,False,general,21,26,E,E,Robust grade (invariant to unresolved FVL)
70,Nestlé Milkybar,Nestlé,Chocolates,8901058026290.0,"Milk Solids (35%), Sugar, Hydrogenated Vegetable Fat, Fractionated Vegetable Fat, Emulsifier (322), Nature Identical Flavour",30,C-,,False,general,24,29,E,E,Robust grade (invariant to unresolved FVL)
71,Nestlé Munch,Nestlé,Chocolates,8901058022179.0,"Sugar, Refined Wheat Flour, Hydrogenated Vegetable Fat, Fractionated Vegetable Fat, Milk Solids, Cocoa Solids, Emulsifier (322), Raising Agent (500ii), Yeast, Flour Treatment Agent (516), Artificial Vanilla Flavour",23,D+,,False,general,22,27,E,E,Robust grade (invariant to unresolved FVL)
72,Oreo Chocolate Creme,Oreo,Cream Biscuits,7622202225550.0,"Refined Wheat Flour, Sugar, Fractionated Fat, Palmolein, Cocoa Solids, Invert Sugar, Raising Agents (500ii,503ii), Emulsifiers (322,476), Artificial Vanilla Flavour",19,D,,False,general,25,30,E,E,Robust grade (invariant to unresolved FVL)
73,Oreo Vanilla Creme,Cadbury,Biscuits,7622201103736.0,"Refined Wheat Flour, Sugar, Fractionated Fat, Palmolein, Invert Sugar, Cocoa Solids, Leavening Agents, Starch, Iodised Salt, Emulsifiers",28,D+,,False,general,26,31,E,E,Robust grade (invariant to unresolved FVL)
74,Paper Boat Aamras,Paper Boat,Drinks,8908001705448.0,"Water, Mango Pulp (40%), Sugar, Nature Identical & Natural Flavours, Citric Acid, Pectin, Ascorbic Acid, Cardamom Powder, Saffron Powder",42,C,40.0,False,beverage,16,16,E,E,Robust grade (invariant to unresolved FVL)
75,Paper Boat Coconut Water,Paper Boat,Drinks,8906080604751.0,"Water, Sugar, Coconut Water Concentrate, Potassium Chloride, Citric Acid, Natural Flavours, Nature-Identical Flavours, INS 242, INS 202, INS 224, Iodised Salt",35,C-,,False,beverage,2,8,,D/C/B,
76,Parle Hide & Seek,Parle,Biscuits,8901719100140.0,"Refined Wheat Flour, Sugar, Edible Vegetable Oil, Chocolate Chips, Cocoa Solids, Invert Syrup, Leavening Agents, Emulsifiers",30,C-,,False,general,20,25,E,E,Robust grade (invariant to unresolved FVL)
77,Pepsi,Pepsi,Drinks,8902080104055.0,"Carbonated Water, Sugar, Colour (150d), Acidity Regulator (338), Caffeine, Natural Flavour, Stabilizer (436)",33,C-,,False,beverage,6,12,,E/D/C,
78,Pluckk Tender Coconut Water,Pluckk,Drinks,8908024066243.0,Tender Coconut Water,96,A+,,False,beverage,-3,3,,C/B,
79,Pran Potata Spicy Biscuit,Pran,Biscuits,8436030999999.0,"Wheat Flour, Sugar, Palm Oil, Potato Flakes, Spices, Salt, Leavening Agents, Flavour Enhancers",33,C-,,False,general,23,28,E,E,Robust grade (invariant to unresolved FVL)
80,Raw Pressery Coconut Water,Raw Pressery,Drinks,8904258701707.0,"Coconut Water, INS 234",83,A,,False,beverage,6,12,,E/D/C,
81,Real Coconut Water,Real,Drinks,8901207053634.0,"Water, Concentrated Coconut Water, INS 202, INS 224",60,B,,False,beverage,-1,5,,C/B,
82,Slice Mango Drink,PepsiCo,Drinks,8902080000722.0,"Water, Sugar, Concentrated Mango Pulp, Alphonso Mango Pulp (14%), Acidity Regulator (330), Stabilizers (466,440), Preservative (202), Food Colour (110), Natural & Nature Identical Flavour",26,D+,14.0,False,beverage,16,16,E,E,Robust grade (invariant to unresolved FVL)
83,Sunfeast Dark Fantasy Choco Fills,Sunfeast,Cream Biscuits,8909081000249.0,"Refined Wheat Flour, Sugar, Refined Palm Oil, Hydrogenated Vegetable Oil, Cocoa Solids, Invert Syrup, Raising Agents (503ii,500ii), Emulsifier (322), Humectant (1520), Artificial Vanilla Flavour",19,D,,False,general,19,24,E,E,Robust grade (invariant to unresolved FVL)
84,Taali Masala Cashews,Taali,Dry Fruits & Nuts,8908010213705.0,"Cashew Nuts, Sunflower Oil, Spices & Condiments, Black Salt, Maltodextrin, Citric Acid, Natural Flavour, INS 150d, INS 415",38,C-,,False,fats/oils/nuts/seeds,13,13,D,D,Robust grade (invariant to unresolved FVL)
85,Tata Sampann Premium Almonds,Tata,Chips & Snacks,100000000102.0,Raw Almonds,91,A+,,False,general,1,6,,C/B,
86,Tata Soulfull Choco Muesli,Tata Soulfull,Muesli & Cereals,8901052012497.0,"Rolled Oats, Soy Protein Isolate, Millets, Dark Chocolate, Honey, Rice Flakes, Nuts, Seeds, Antioxidant (307b)",41,C,,False,general,6,11,,D/C,
87,Tata Soulfull Millet Muesli,Tata Soulfull,Muesli & Cereals,8908002198496.0,"Millets, Ragi, Rice, Jowar, Rolled Oats, Wheat Flakes, Corn Flakes, Seeds, Honey, Antioxidant (307b)",44,C,,False,general,-3,2,,B/A,
88,Thums Up,Coca-Cola,Drinks,8902080104055.0,"Carbonated Water, Sugar, Acidity Regulator (338), Caffeine, Colour (150d), Natural, Nature Identical & Artificial Flavours",36,C-,,False,beverage,6,12,,E/D/C,
89,Too Yumm NutriChips,Too Yumm,Chips & Snacks,8906090571258.0,"Corn Flour, Whole Wheat Flour, Rice Bran Oil, Rice Flour, Seasoning, Milk Solids, Flavour Enhancers (627,631), Stabilizer (415), Colour (150d)",36,C-,,False,general,16,21,,E/D,
90,Too Yumm Veggix,Too Yumm,Chips & Snacks,8906090570848.0,"Corn Flour, Rice Flour, Rice Bran Oil, Seasoning, Milk Solids, Spinach Powder, Tomato Powder, Flavour Enhancers (627,631), Stabilizer (415)",40,C,,False,general,15,20,,E/D,
91,True Elements Raw Pumpkin Seeds,True Elements,Seeds,8906112662551.0,Raw Pumpkin Seeds,86,A,,False,fats/oils/nuts/seeds,-7,-7,A,A,Robust grade (invariant to unresolved FVL)
92,True Elements Raw Sunflower Seeds,True Elements,Seeds,8906112662599.0,Raw Sunflower Seeds,89,A,,False,fats/oils/nuts/seeds,-10,-10,A,A,Robust grade (invariant to unresolved FVL)
93,Yoga Bar Blueberry Protein Bar,Yoga Bar,Protein Bars,8904335602385.0,"Date Paste, Raisins, Soy Protein Crisps, Almond, Cashew, Peanut Protein, Blueberry, Whey Protein",39,C-,,False,general,-3,2,,B/A,
94,Yoga Bar Choco Chunk Protein Bar,Yoga Bar,Protein Bars,8908005144014.0,"Whole Grains, Rolled Oats, Rice Flakes, Chocolate, Peanut Butter, Cocoa Powder, Honey, Dates, Gum Acacia",42,C,,False,general,-2,3,,C/B/A,
95,Yoga Bar Dark Chocolate Protein Bar,Yoga Bar,Protein Bars,8904335602064.0,"Whole Grains, Rolled Oats, Millets, Jowar Flakes, Rice Flakes, Dark Chocolate Paste, Edible Vegetable Fat, Cocoa Solids, Soy Lecithin, Honey, Seeds, Dry Fruits, Dates, Cocoa Nibs, Natural Flavours",45,C,,False,general,-1,4,,C/B/A,
96,Yoga Bar Fruit & Nut Protein Bar,Yoga Bar,Protein Bars,8904335602392.0,"Date Paste, Dark Chocolate Paste, Soy Protein Crisps, Date Syrup, Cocoa Solids, Soy Lecithin, Cashew Paste, Peanut Butter, Textured Soy Protein, Almond Paste, Peanut Protein, Cranberry, Whey Protein Concentrate, Skim Milk Powder, Chocolate Chips",36,C-,,False,general,-1,4,,C/B/A,
97,Yoga Bar Millet Muesli,Yoga Bar,Muesli & Cereals,8904335600657.0,"Multigrains, Rolled Oats, Rice Flakes, Jowar Flakes, Seeds, Pumpkin, Flax, Almond, Rice Bran Oil, Steviol Glycosides, Probiotics (Bacillus coagulans)",41,C,,True,general,-7,-2,A,A,Robust grade (invariant to unresolved FVL)
98,Yoga Bar Muesli,Yoga Bar,Muesli & Cereals,8904335602910.0,"Whole Grains, Millets, Ragi Flakes, Jowar Flakes, Rolled Oats, Rice Flakes, Corn Flakes, Nuts, Seeds, Raisins, Cranberry, Honey, Rice Bran Oil",41,C,,False,general,-4,1,,B/A,
99,Yoga Bar Nuts & Fruits Muesli,Yoga Bar,Muesli & Cereals,8904335600336.0,"Whole Grains, Rolled Oats, Brown Rice Flakes, Quinoa Flakes, Dried Fruits, Apricots, Cranberry, Blackcurrants, Nuts, Pumpkin, Almonds, Chia, Flax, Strawberry Powder, Date Syrup, Rice Bran Oil",42,C,,False,general,-5,0,A,A,Robust grade (invariant to unresolved FVL)
100,Yoga Bar Pumpkin Seeds,Yoga Bar,Seeds,8904335601357.0,Pumpkin Seeds,91,A+,,False,fats/oils/nuts/seeds,-8,-8,A,A,Robust grade (invariant to unresolved FVL)
